id	titre	auteur	date	url	texte	type
doc_0	Holy sh*t - for the first time EVER, monsoon winds just crossed the Himalayas into Tibet.	Mountain-Blacksmith7	2025-09-12	https://reddit.com/r/climatechange/comments/1newx69/holy_sht_for_the_first_time_ever_monsoon_winds/	This is Absolutely Massive: Monsoon Just Broke Through the Himalayas into Tibet for the First Time Ever.  Guys, I‚Äôm not kidding‚Äîthis actually happened, and it‚Äôs barely getting attention.  What Went Down: A glaciologist from Wadia Institute of Himalayan Geology (WIHG) spotted it on satellite images while researching in Ladakh. The Southwest Monsoon‚Äîblocked by the Himalayas for millennia‚Äîpushed through to Tibet in early September 2025.  Why It‚Äôs Insane: Himalayas act as a wall, trapping monsoon moisture in India (our crazy rains) while Tibet stays bone-dry. This setup‚Äôs been locked in since pre-human times.But this year: 19 Western Disturbances (vs. usual 4-6 in winter) collided with monsoon winds, shoving air 2000+ meters high (normal: 1600-1700m). Boom‚Äîmoisture crossed over.  The Scary Bit:If this keeps up, India could lose monsoon rain‚Äî80% of our annual water. Zanskar got slammed: 100mm+ rain and 6 inches snow in 2 days. A 25-year researcher called it unprecedented.  Why It Matters: Climate change is rewriting global weather. South Asia‚Äôs ancient systems feeding billions? At risk. First recorded breach ever‚Äîcould be one-off or new normal. Water security for 1B+ people hangs in balance.  Feels like a history-book pivot we‚Äôre living through. Mainstream media sleeping on this massive climate story? Anyone tracking it?	Document
doc_1	I can absolutely see how we won‚Äôt survive increased warming	SpectrumWoes	2025-07-28	https://reddit.com/r/climatechange/comments/1mb0b5i/i_can_absolutely_see_how_we_wont_survive/	I live in the Northeast, and we‚Äôve been experiencing a ridiculously humid summer with about 3 extended heat waves so far this season. The humidity is contributing to not only extremely dangerous temps that AC won‚Äôt put a dent in, it‚Äôs causing significant localized downpours and subsequent flooding.   I‚Äôm in my mid 40s and I‚Äôm already sapped in less than an hour being outside in this humidity. Going inside makes it a little more comfortable but I can tell the AC is struggling to keep up even with an additional dehumidifier in the house.   So while it‚Äôs manageable *now*, what‚Äôs it going to be like in 20 years? I feel like it‚Äôs going to be miserable if not potentially lethal for older people. And I‚Äôm up north, not Florida or the Southwest!   I always considered my area to be a climate ‚Äúhaven‚Äù as it used to be way milder but not anymore. Even extreme cold places seem to have huge swings in high temps too.   Tl;dr - it‚Äôs not looking good even up north folks.	Document
doc_2	Study says it's already too late to save the luxury crops that make coffee, chocolate, and wine	Narrow-Manager8443	2025-11-10	https://reddit.com/r/climatechange/comments/1ot0vh0/study_says_its_already_too_late_to_save_the/	It's beginning.	Document
doc_3	Joe Rogan Fact-Checks Bernie Sanders on Climate Change Claims - VINnews	eastern_mountains	2025-06-25	https://reddit.com/r/climatechange/comments/1ljwmtp/joe_rogan_factchecks_bernie_sanders_on_climate/	This article is just indicative of the kind of press that the recent interview Joe Rogan did with Bernie Sanders will produce on critical issues like climate change and pandemics. Rogan completely dismissed climate change based on a complete misreading of the Washington Post [article](https://www.washingtonpost.com/climate-environment/2024/09/19/earth-temperature-global-warming-planet/) from September 2024. The article itself is based upon the [Judd et al. paper in Science](https://www.science.org/doi/10.1126/science.adk3705). The paper's *main takeaway*¬†is that the current *speed*¬†of warming is driven by human CO‚ÇÇ emissions and is way faster than anything in the geologic record. That is what everyone should be worried about, not just the absolute temperature.	Document
doc_4	4-min shower hotel game	isthisgaslighting	2024-12-14	https://reddit.com/r/sustainability/comments/1heai3r/4min_shower_hotel_game/	Saw this in the hotel I was staying at in Barcelona. Even my husband played the game, and he doesn‚Äôt consider sustainability often. He specifically said that the hour glass was what made it appealing to him. He said it has to be analog. If it was digital he wouldn‚Äôt participate.	Document
doc_5	What do we do?	James_Fortis	2025-05-17	https://reddit.com/r/sustainability/comments/1kou5iu/what_do_we_do/	Sources for animal agriculture being the leading driver of:  *   Deforestation: NASA, [https://earthobservatory.nasa.gov/features/Deforestation/deforestation\_update3.php](https://earthobservatory.nasa.gov/features/Deforestation/deforestation_update3.php)      *   Biodiversity loss: Science of the Total Environment, B. Machovina, K. J Feeley, W. J Ripple, [https://pubmed.ncbi.nlm.nih.gov/26231772/](https://pubmed.ncbi.nlm.nih.gov/26231772/)      *   Zoonotic diseases: Science Advances, Matthew N. Hayek, [https://www.ncbi.nlm.nih.gov/pmc/articles/PMC9629715/](https://www.ncbi.nlm.nih.gov/pmc/articles/PMC9629715/)      *   Fresh water use: Nature, J. Poore and T. Nemecek, [https://josephpoore.com/Science%20360%206392%20987%20-%20Accepted%20Manuscript.pdf](https://josephpoore.com/Science%20360%206392%20987%20-%20Accepted%20Manuscript.pdf)      *   21-37% of emissions from food: IPCC, [https://www.ipcc.ch/srccl/chapter/chapter-5/](https://www.ipcc.ch/srccl/chapter/chapter-5/)	Document
doc_6	California‚Äôs first solar canal project	wattle_media	2025-09-21	https://reddit.com/r/sustainability/comments/1nmormi/californias_first_solar_canal_project/	California has connected its first solar canal project, which could serve as a pilot for the rest of the state.  In addition to avoiding the use of farmland for energy generation, solar canals offer another advantage: the water below keeps panels cooler, helping them perform more efficiently.  The installation, called Project Nexus, isn‚Äôt connected to the grid but instead powers irrigation systems for cotton, tomato, and almond crops in a district about two hours east of San Francisco.  It‚Äôs only the second project of its kind in the U.S., following a 1.3 MW system in the Gila River Indian Community in Arizona, which is now looking to scale up and eliminate its $3 million electricity bill for irrigation operations.   Source: Canary Media, UC Merced, Water & Power, USC	Document
doc_7	Building A Super-Sustainable Residence	TimberbrookeFarm	2023-07-31	https://reddit.com/r/CarbonFootprint/comments/15eifm5/building_a_supersustainable_residence/	"I'm building a home in Northeast Florida, Zone 9a, and I am welcoming suggestions as to it's construction, and  function. I have already established that the roof Pitch will be a 5.031"" to 12"" rise, to optimize local solar effectiveness.  I am open to hearing all other suggestions..."	Document
doc_8	The Role of Green IT in reducing Carbon Footprints 	Adventurous-Big6634	2024-12-19	https://reddit.com/r/CarbonFootprint/comments/1hhx698/the_role_of_green_it_in_reducing_carbon_footprints/	Hello!  We're conducting a survey on The Role of Green IT in reducing Carbon Footprints. Your input will help us understand how to reduce Carbon Footprints in IT systems.  Please take the survey here: https://docs.google.com/forms/d/e/1FAIpQLScDo-oedpWF74MM0IaGb2rRTdr1ErqIlIh3lEISuUBy9ikUzA/viewform  Thank you!	Document
doc_9	Iowa allows fur trappers to kill gray foxes even though only 10 are known to still exist in the state.	None	2024-12-26	https://reddit.com/r/ecology/comments/1hmcff7/iowa_allows_fur_trappers_to_kill_gray_foxes_even/	Iowa has 10 gray fox left according to the DNR. https://www.wvik.org/news-from-iowa/2024-12-23/gray-fox-iowa-dnr  Iowa still has a fur trapping season for gray fox. https://www.iowadnr.gov/Portals/idnr/uploads/Hunting/huntingregs_card.pdf  In fact, there isn‚Äôt even a bag limit for gray foxes. The furbearer biologist quoted in the article says he only knows of one breeding pair left. I hope a trapper doesn‚Äôt kill one of them.  It seems counterproductive not to close the season on this species.	Document
doc_10	Is there a specific name for this ecosystem?	dneifhcra	2025-04-26	https://reddit.com/r/ecology/comments/1k7x69p/is_there_a_specific_name_for_this_ecosystem/	Surrounded by forest and slight slopes so the whole thing is vaguely in a bowl, the ground is saturated with water from the stream, and the whole thing is near the Neuse River (NC)  If there is not a formal name, what might be a good combination of ecological-science based descriptors? Thanks	Document
doc_11	I feel there is a really big lack of awareness for what ecosystems store carbon well	makid3044	2025-07-16	https://reddit.com/r/ecology/comments/1m12g1p/i_feel_there_is_a_really_big_lack_of_awareness/	I feel I only found out about how significant a role wetlands play in storing carbon after I started following the ecology tract in my biology studies at uni. I think public awareness of even rainforests as carbon storage is very limited. From what I noticed, I think that the fact that ecosystems funtion as carbon sinks is just not known. Even the lack of knowledge of ecology in general is very concerning to me. How best to educate the public on ecological issues is something I think about regularly. For instance a lot of details miss from common pieces of ecological knowledge, like the whole story around honey bees. Another thing that concerns me is that the general public just don't know what services ecosystems provide to us. And what the importance of biological diversity is (I feel in science it is still quite vague how important biodiversity is, if am not mistaken). My main point of this post is to ask the question, how do we educate people in a meaningful way, that the lessons stick. Something I'd like to be proficient is for instance informing people around me. Idk I'd like to know what you people think about this.   (sorry for coming off a bit rambly, am working and its 5:30 in the morning)	Document
doc_12	"Is anyone else annoyed with how the news of this ""Direwolf"" is being presented?"	greenhawk22	2025-04-07	https://reddit.com/r/ecology/comments/1jttlh6/is_anyone_else_annoyed_with_how_the_news_of_this/	"I'm sure I'm preaching to the choir but it bothers me.  For those out of the loop, there has recently been a reveal of a company that has ""rebred"" supposed direwolf traits into a line of grey wolves. Every article I've read has this classified as a ""de-extinction"". This is nothing like that. It's adding similar traits to an existing gene pool.   Maybe I'm a massive cynic, but this feels like science as a tool for venture capital funding rather than for its own sake.   They're not even in the same genus! Direwolves are in their own genus (*Aenocyon*) since they share a relatively small amount of genetic information with modern canids.   It's very frustrating to me that this is being simplified where no simplification is needed. It's much more accurate and understandable to say that we found some traits in wolves that make them superficially resemble direwolves.   Also I am almost sure you could do this in a small number of generations with basic selective breeding. And where is the genetic diversity coming from for this extinct species that we have a limited number of viable DNA samples from? (IMO if the answer is more grey wolf DNA, you're just making a grey wolf in a direwolf's clothing)"	Document
doc_13	sending support and encouragement to every ecologist in the USüò≠	tuftedtittymice	2024-11-07	https://reddit.com/r/ecology/comments/1gle9ga/sending_support_and_encouragement_to_every/	we are in for a huge fight these next 4 years. i am terrified but we are the only ones who can keep each other motivated and encouraged to keep fighting for what we love. LOVE TO ALL OF YOU‚ù§Ô∏è‚Äçü©π‚ù§Ô∏è‚Äçü©π‚ù§Ô∏è‚Äçü©πüíî	Document
doc_14	URGENT | Help me convince my Republican father not to mow this and turn it into a lawn with trees	PaleoConservationist	2025-05-25	https://reddit.com/r/ecology/comments/1kv3xl1/urgent_help_me_convince_my_republican_father_not/	My father wants to mow down this forested area of his property to control the saw palmettos so that they don't take over, a few weeks ago he had a mulching contractor come through and cut down all the huge bushes of saw palm and now the gallberry and other plants are finally beginning to grow back. His main concern is that he wants to be able to look out and enjoy it and the wildlife and not huge saw bushes. He also mentioned eventually how he'd like it to all be grass. How do I convince him that if he wants to continue seeing wildlife he needs to preserve the biodiversity. We already have plans for maybe a 1/4 of the property to be removed of trees so that he can build a large garage/workshop which is ok to me, its his property he should be allowed to enjoy it and it's important to be able to coexist with nature in those kind of projects. What's the best way to explain how important preserving the native vegetation and landscape is to continue seeing wildlife and enjoying the property? Thanks for any tips.	Document
doc_15	Environmental Disaster on Russia's Black Sea Coast	Neither_Escape1554	2024-12-24	https://reddit.com/r/ecology/comments/1hlclun/environmental_disaster_on_russias_black_sea_coast/	On December 15, 2024, the wreck of two oil tankers resulted in the spillage of over 5,000 tonnes of petroleum products, primarily fuel oil, into the Black Sea. The pollution has spread across more than 60 kilometres of coastline, affecting key natural areas and resort zones.  Environmental experts have already recorded mass deaths of birds, fish, and cetaceans, along with contamination of beaches and coastal waters. Specialists estimate that full ecosystem recovery may take over 10 years, with economic losses for the region projected to reach tens of millions of dollars.  Despite the scale of the disaster, coverage of this tragedy in international media has been virtually nonexistent. Local volunteers and environmentalists are struggling to combat the spill‚Äôs aftermath, but they urgently require international support and pressure on authorities to expedite cleanup efforts and conduct an independent investigation. The majority of current efforts of contamination cleaning are conducted solely by volunteers, including veterinary assessment and cleaning of affected birds.   Russian government severely underestimates the scale of the tragedy, as local authorities silence volunteers and try to cover it up as much as possible from higher ups. The dedication of these volunteers deserves recognition, and the world needs to be informed about the ongoing efforts to address this tragedy.   Please help us to be heard. Spread the word.	Document
doc_16	How come the american alligator population is so big?	SVJQAQ	2025-05-09	https://reddit.com/r/ecology/comments/1kie36v/how_come_the_american_alligator_population_is_so/	Why is their population so out of scale compared to any other large predators? Compare it to any other - the population rarely is bigger than 100,000. Is there really so much food for 2 million gators to thrive in Louisiana ecosystems today? We hear so much about how depleted modern freshwater ecosystems are compared to the past.	Document
doc_17	They told me this shit was about animals bro... When did you guys realize?	404phil_not_found	2025-09-27	https://reddit.com/r/ecology/comments/1ns5p0s/they_told_me_this_shit_was_about_animals_bro_when/	Only animals I've seen are the Drosophila that I have been involuntarily beeding in my take out remains whlie I've been double fisting R-Studio sessions and simultaneously staring at HW-Info to make sure Nimble doesn't blow up my computer.    (I love it tho, don't worry.)	Document
doc_18	Why are people so incapable of understanding the risk of ecological collapse?	Konradleijon	2025-07-21	https://reddit.com/r/ecology/comments/1m5gnq3/why_are_people_so_incapable_of_understanding_the/	So many natural disasters that day are ‚Äúone in a  thousand years disasters‚Äù ‚Äúmade common thanks to warming temperature‚Äù  But people seem to be utterly incapable of connecting the dots between stuff like higher grocery store prices coming because of droughts.  Like human beings are a species of animals and connected to the environment l. If the environment suffers so do humans.  Like without ecological health there can be no economy so putting the economy vs the environment made no sense to me.  Tons of natural disasters scienctists say are caused by climate change are happening but people don‚Äôt seem to understand carbon bad	Document
doc_19	Quick, bite-sized ecology stories on instagram	Ghost_0f_Winterfell	2025-05-03	https://reddit.com/r/ecology/comments/1kdmc0l/quick_bitesized_ecology_stories_on_instagram/	Hey r/ecology! I‚Äôm a PhD student passionate about science communication, and I run Toxic Tales, a daily series of ~30-second Instagram reels and infographics that turn fascinating research into coffee-break stories. No jargon - just crisp visuals, one compelling study, and take-home science you can share. Examples:  üê∫ Wolves in Yellowstone: how 31 wolves flipped a collapsing food web  üêü Drugged Salmon: meds in our rivers rewiring fish behavior  üêù Caffeine Bees: espresso-level nectar that reshapes pollination  Good science communication builds bridges between specialists and the wider public, and Instagram‚Äôs visual format makes those connections fast and fun. Some colleagues suggested I share it here, and I thought it was a great idea - Would love your feedback! I've added a few example infographics here but I'm not sure how to share the reels.   If you‚Äôre curious, I post them here: https://instagram.com/toxic_tales_eco	Document
doc_20	"Letter to the Editor in Texas Paper: ""Clean energy is a strategic imperative for economic competitiveness"""	A_Gentle_Human	2025-11-19	https://reddit.com/r/GreenEnergy/comments/1p1dfie/letter_to_the_editor_in_texas_paper_clean_energy/	"I wanted to share this important assessment from a Letter to the Editor in the Dallas Morning News (Nov 19). It is encouraging to see the argument for renewables framed as a matter of national security and economics in a Texas newspaper!  ‚ÄúGrowth of clean energy"" by Richard Howe:  ""Accelerating the transition to electrification and clean energy has become a strategic imperative for economic competitiveness, national security and public well-being. The nations that lead in this transition will shape the 21st-century global order."""	Document
doc_21	What‚Äôs the best low-cost energy-saving upgrade you‚Äôve tried?	seo_82805	2025-08-14	https://reddit.com/r/GreenEnergy/comments/1mpxkk9/whats_the_best_lowcost_energysaving_upgrade_youve/	I‚Äôm looking for practical ways to cut energy bills and improve comfort without major renovations. A few approaches I‚Äôve seen work include:  * **Smart HVAC controls** that adjust automatically based on occupancy * **Better insulation** for walls, roofs, and windows * **Switching to LED or daylight-responsive lighting** * **Regular maintenance** of HVAC, plumbing, and electrical systems  I‚Äôm curious: which of these ‚Äî or other low-cost energy-saving measures ‚Äî have you actually tried, and what results did you see?  Would love to hear real-world experiences, tips, or even lessons learned from projects you‚Äôve worked on!	Document
doc_22	Are companies actually switching to renewable gas (RNG / biomethane) ‚Äî or just talking about it?	BeneficialBank3753	2025-11-14	https://reddit.com/r/GreenEnergy/comments/1owv5f3/are_companies_actually_switching_to_renewable_gas/	RNG looks promising for Scope 1 reductions. How practical is sourcing and certification? Any cost insights?   my company is looking into it for our US operations and EU operations... in EU it's expensive but it's pretty straight forward, you reduce scope 1 emissions with biomethane and reduce your EUA exposure... but in the US?	Document
doc_23	Green for Ukraine	Jason_Murphie	2022-11-25	https://reddit.com/r/GreenEnergy/comments/z4gz7m/green_for_ukraine/	Hi guys! I‚Äôm seeing the news of Russia destroying Ukraine‚Äôs energy infrastructure, and I‚Äôm horrified at the idea that this winter, most Ukrainians are going to be without power.   I see that countries are donating huge generators, but I was wondering if there‚Äôs something that can be done on a more grassroots level. For instance, if there are portable wind turbines or solar panels that work in the winter. I could probably find the right people who would donate funds, and people in Ukraine who could distribute. But the key question is this: what is something that might work for a person or a family in a cold (albeit sunny) European country with a destroyed power grid.	Document
doc_24	Question: could solar panels lead to warming?	Herman_Martinus	2022-09-13	https://reddit.com/r/GreenEnergy/comments/xd1kik/question_could_solar_panels_lead_to_warming/	"Let me preface this with I think solar panels are neat, and they are a necessary part of our toolkit for reducing the amount of CO2 emitted into the atmosphere. This isn't a post about how PV panels are ""doing more harm than good"", this is an earnest question that I have been unable to answer elsewhere.   So here goes:  The [Albedo effect](https://en.wikipedia.org/wiki/Albedo) is when the parts of the planet (think the Sahara or ice caps) reflect solar radiation back into space. If tree'd over we'd see an increase in in global temperatures as these big mirrors have a larger contribution to overall heat dispersal than forests in reducing temprature by sequestering CO2.   With this in mind, let's assume for a second that PV panels are the predominate way to generate power in the future. Let's also make the assumption that the largest solar arrays are in desert regions (where there's a lot of sunlight and land that in unsuitable for agriculture). All of this captured energy inevitably ends up as heat energy (after doing useful work) either through heating homes, smelting, or powering data centres.   Could this reduction in the reflectiveness, combined with the capturing of energy that inevitably turns into heat potentially lead to a nett warming, rather than a nett cooling effect?  I would speculate that the actual heat energy captured is negligible, but that the reduction of the reflectivity of the landmass may contribute to the albedo effect.  Anyone with knowledge in this area, I'd sincerely appreciate your input :)"	Document
doc_25	Organizations Working to Get Out the Vote and Links to Volunteer	waytoopunkrock	2020-09-12	https://reddit.com/r/climateaction/comments/irjrcm/organizations_working_to_get_out_the_vote_and/	**Environmental Voter Project:**  Phone banking and texting to reach out to potential voters who are concerned about the environment  [https://www.environmentalvoter.org/get-involved](https://www.environmentalvoter.org/get-involved)  **Sierra Club Independent Action:**  Call, text, and writing letters to potential environmental voters in key states  [https://www.sierraclubindependentaction.org/#takeaction](https://www.sierraclubindependentaction.org/#takeaction)  **Vote Forward:**  Writing letters to potential voters (does not focus on the environment)  [https://votefwd.org/](https://votefwd.org/)  **Rock the Vote:**  Many different teams/methods to help out (does not focus on the environment)  [https://www.rockthevote.org/get-involved/volunteer-with-rock-the-vote/](https://www.rockthevote.org/get-involved/volunteer-with-rock-the-vote/)  &#x200B;  If you know of / recommend other organizations, feel free to put them in the comments!	Document
doc_26	My name is Ashwani Jain, and I am running for Congress to represent Maryland's 6th Congressional District as one of the only candidates to have an actual Climate Change Prevention policy platform! Ask me Anything! (AMA)	JainForCongress	2024-01-26	https://reddit.com/r/climateaction/comments/1ablo0m/my_name_is_ashwani_jain_and_i_am_running_for/	My name is Ashwani Jain, and I am running for Congress in Maryland‚Äôs 6th Congressional District which represents Western Maryland including Northern Montgomery County as well as Frederick, Washington, Allegany, and Garrett Counties.  While I would be Maryland‚Äôs first Millennial ever elected to this office, I am specifically running because I have strong policy solutions to open the doors of opportunity for our community.  This is an open seat with no incumbent and Maryland's Primary election is on the 14th of May.  My top policy priorities include:  * Removing the influence of money in politics. * Making public college free. * Medicare for All. * Increasing the minimum wage to $26 by 2030 to match inflation.  Please feel free to ask any questions regarding my policies, the Congressional election, my experience campaigning, or anything else!  You can find out more at [JainForCongress.com](https://jainforcongress.com/) or at my Subreddit [r/JainForCongress](https://www.reddit.com/r/JainForCongress/)  https://preview.redd.it/htk7k4pq4tec1.jpg?width=1080&format=pjpg&auto=webp&s=70cc9ba6be6e2e83258328a971c40b8b545cdcd7	Document
doc_27	Climate Interactive & MIT Launch [Free] Training Program ‚Äì Exploring Global, Data-driven Climate Solutions and Motivating Effective Climate Action	Climate-Carol	2021-06-30	https://reddit.com/r/climateaction/comments/ob32w5/climate_interactive_mit_launch_free_training/	If you've been looking for a way to get involved with climate action, you should check out Climate Interactive's and MIT Sloan Sustainability Initiative's \[entirely free\] Mastering En-ROADS series\*.\* This program can be for people just looking to learn more about climate (general climate science, global solutions, systems thinking, social considerations, + more) ‚Äì‚Äì but also offers a chance to learn how to lead data-driven, interactive events which motivate climate action in different spaces. Also, users get to connect and collaborate with an international community of climate activists. The course teaches lessons using the En-ROADS Climate Solutions Simulator (really cool, [check it out](http://en-roads.climateinteractive.org/))‚Äì an interactive online climate model co-developed with MIT.  Great for people looking to volunteer, or need professional development! Or, you just care a lot about climate action :)  You can learn more here: [**https://learn.climateinteractive.org**](https://learn.climateinteractive.org/)	Document
